<?xml version="1.0" encoding="UTF-8"?><?xml-stylesheet type='text/xsl' href='_UpgradeReport_Files/UpgradeReport.xslt'?><UpgradeLog>
<Properties><Property Name="Solution" Value="Windows Copy of JAMGameFinal">
</Property><Property Name="Solution File" Value="C:\Users\Alex\Desktop\C#-XNA Programs\JAMGame Final\JAMGameFinal\Windows Copy of JAMGameFinal.sln">
</Property><Property Name="Date" Value="Sunday, January 13, 2013">
</Property><Property Name="Time" Value="11:04:16 AM">
</Property></Properties><Event ErrorLevel="0" Project="Windows Copy of JAMGameFinal" Source="Windows Copy of JAMGameFinal.csproj" Description="Upgraded XNA Game Studio project to XNA Framework 4.0.">
</Event><Event ErrorLevel="0" Project="Windows Copy of JAMGameFinal" Source="Windows Copy of JAMGameFinal.csproj" Description="Project file successfully backed up as C:\Users\Alex\Desktop\C#-XNA Programs\JAMGame Final\JAMGameFinal\Backup\Windows Copy of JAMGameFinal.csproj">
</Event><Event ErrorLevel="0" Project="Windows Copy of JAMGameFinal" Source="JAMZombieGame.cs" Description="File successfully backed up as C:\Users\Alex\Desktop\C#-XNA Programs\JAMGame Final\JAMGameFinal\Backup\JAMZombieGame.cs">
</Event><Event ErrorLevel="2" Project="Windows Copy of JAMGameFinal" Source="Objects\GameObject.cs" Description="Failed to backup file as C:\Users\Alex\Desktop\C#-XNA Programs\JAMGame Final\JAMGameFinal\Backup\Objects\GameObject.cs">
</Event><Event ErrorLevel="2" Project="Windows Copy of JAMGameFinal" Source="PlayerIndexEventArgs.cs" Description="Failed to backup file as C:\Users\Alex\Desktop\C#-XNA Programs\JAMGame Final\JAMGameFinal\Backup\PlayerIndexEventArgs.cs">
</Event><Event ErrorLevel="0" Project="Windows Copy of JAMGameFinal" Source="Properties\AssemblyInfo.cs" Description="File successfully backed up as C:\Users\Alex\Desktop\C#-XNA Programs\JAMGame Final\JAMGameFinal\Backup\Properties\AssemblyInfo.cs">
</Event><Event ErrorLevel="0" Project="Windows Copy of JAMGameFinal" Source="ScreenManager\GameScreen.cs" Description="File successfully backed up as C:\Users\Alex\Desktop\C#-XNA Programs\JAMGame Final\JAMGameFinal\Backup\ScreenManager\GameScreen.cs">
</Event><Event ErrorLevel="0" Project="Windows Copy of JAMGameFinal" Source="ScreenManager\InputState.cs" Description="File successfully backed up as C:\Users\Alex\Desktop\C#-XNA Programs\JAMGame Final\JAMGameFinal\Backup\ScreenManager\InputState.cs">
</Event><Event ErrorLevel="2" Project="Windows Copy of JAMGameFinal" Source="ScreenManager\MenuEntry.cs" Description="Failed to backup file as C:\Users\Alex\Desktop\C#-XNA Programs\JAMGame Final\JAMGameFinal\Backup\ScreenManager\MenuEntry.cs">
</Event><Event ErrorLevel="0" Project="Windows Copy of JAMGameFinal" Source="ScreenManager\MenuScreen.cs" Description="File successfully backed up as C:\Users\Alex\Desktop\C#-XNA Programs\JAMGame Final\JAMGameFinal\Backup\ScreenManager\MenuScreen.cs">
</Event><Event ErrorLevel="0" Project="Windows Copy of JAMGameFinal" Source="ScreenManager\ScreenManager.cs" Description="File successfully backed up as C:\Users\Alex\Desktop\C#-XNA Programs\JAMGame Final\JAMGameFinal\Backup\ScreenManager\ScreenManager.cs">
</Event><Event ErrorLevel="2" Project="Windows Copy of JAMGameFinal" Source="Screens\BackgroundScreen.cs" Description="Failed to backup file as C:\Users\Alex\Desktop\C#-XNA Programs\JAMGame Final\JAMGameFinal\Backup\Screens\BackgroundScreen.cs">
</Event><Event ErrorLevel="2" Project="Windows Copy of JAMGameFinal" Source="Screens\CharacterInfoScreen.cs" Description="Failed to backup file as C:\Users\Alex\Desktop\C#-XNA Programs\JAMGame Final\JAMGameFinal\Backup\Screens\CharacterInfoScreen.cs">
</Event><Event ErrorLevel="2" Project="Windows Copy of JAMGameFinal" Source="Screens\ControlScreen.cs" Description="Failed to backup file as C:\Users\Alex\Desktop\C#-XNA Programs\JAMGame Final\JAMGameFinal\Backup\Screens\ControlScreen.cs">
</Event><Event ErrorLevel="2" Project="Windows Copy of JAMGameFinal" Source="Screens\GunInfoScreen.cs" Description="Failed to backup file as C:\Users\Alex\Desktop\C#-XNA Programs\JAMGame Final\JAMGameFinal\Backup\Screens\GunInfoScreen.cs">
</Event><Event ErrorLevel="2" Project="Windows Copy of JAMGameFinal" Source="Screens\JAMZombieGameEngine.cs" Description="Failed to backup file as C:\Users\Alex\Desktop\C#-XNA Programs\JAMGame Final\JAMGameFinal\Backup\Screens\JAMZombieGameEngine.cs">
</Event><Event ErrorLevel="0" Project="Windows Copy of JAMGameFinal" Source="Screens\Levels\Level1.cs" Description="File successfully backed up as C:\Users\Alex\Desktop\C#-XNA Programs\JAMGame Final\JAMGameFinal\Backup\Screens\Levels\Level1.cs">
</Event><Event ErrorLevel="2" Project="Windows Copy of JAMGameFinal" Source="Screens\LoadingScreen.cs" Description="Failed to backup file as C:\Users\Alex\Desktop\C#-XNA Programs\JAMGame Final\JAMGameFinal\Backup\Screens\LoadingScreen.cs">
</Event><Event ErrorLevel="2" Project="Windows Copy of JAMGameFinal" Source="Screens\LoadingScreenLost.cs" Description="Failed to backup file as C:\Users\Alex\Desktop\C#-XNA Programs\JAMGame Final\JAMGameFinal\Backup\Screens\LoadingScreenLost.cs">
</Event><Event ErrorLevel="2" Project="Windows Copy of JAMGameFinal" Source="Screens\MainMenuScreen.cs" Description="Failed to backup file as C:\Users\Alex\Desktop\C#-XNA Programs\JAMGame Final\JAMGameFinal\Backup\Screens\MainMenuScreen.cs">
</Event><Event ErrorLevel="2" Project="Windows Copy of JAMGameFinal" Source="Screens\MessageBoxScreen.cs" Description="Failed to backup file as C:\Users\Alex\Desktop\C#-XNA Programs\JAMGame Final\JAMGameFinal\Backup\Screens\MessageBoxScreen.cs">
</Event><Event ErrorLevel="2" Project="Windows Copy of JAMGameFinal" Source="Screens\OptionsMenuScreen.cs" Description="Failed to backup file as C:\Users\Alex\Desktop\C#-XNA Programs\JAMGame Final\JAMGameFinal\Backup\Screens\OptionsMenuScreen.cs">
</Event><Event ErrorLevel="2" Project="Windows Copy of JAMGameFinal" Source="Screens\PauseMenuScreen.cs" Description="Failed to backup file as C:\Users\Alex\Desktop\C#-XNA Programs\JAMGame Final\JAMGameFinal\Backup\Screens\PauseMenuScreen.cs">
</Event><Event ErrorLevel="0" Project="Windows Copy of JAMGameFinal" Source="Windows Copy of JAMGameFinal.csproj" Description="Project converted successfully">
</Event><Event ErrorLevel="3" Project="Windows Copy of JAMGameFinal" Source="Windows Copy of JAMGameFinal.csproj" Description="Converted">
</Event><Event ErrorLevel="0" Project="Windows Copy of JAMGameFinal" Source="Windows Copy of JAMGameFinal.csproj" Description="Scan complete: Upgrade not required for project files.">
</Event><Event ErrorLevel="0" Project="Windows Copy of JAMGameFinal" Source="Windows Copy of JAMGameFinal.csproj" Description="Upgraded XNA Framework references to XNA Framework 4.0.">
</Event></UpgradeLog>