<?xml version="1.0" encoding="UTF-8"?><?xml-stylesheet type='text/xsl' href='_UpgradeReport_Files/UpgradeReport.xslt'?><UpgradeLog>
<Properties><Property Name="Solution" Value="JAMGameFinal">
</Property><Property Name="Solution File" Value="J:\JAMGame Final\JAMGameFinal.sln">
</Property><Property Name="User Options File" Value="J:\JAMGame Final\JAMGameFinal.suo">
</Property><Property Name="Date" Value="Saturday, February 19, 2011">
</Property><Property Name="Time" Value="14:44 PM">
</Property><Property Name="Solution" Value="JAMGameFinal">
</Property><Property Name="Solution File" Value="J:\JAMGame Final\JAMGameFinal.sln">
</Property><Property Name="Date" Value="Saturday, February 19, 2011">
</Property><Property Name="Time" Value="14:46:02 PM">
</Property></Properties><Event ErrorLevel="0" Project="" Source="JAMGameFinal.sln" Description="File successfully backed up as J:\JAMGame Final\Backup\JAMGameFinal.sln">
</Event><Event ErrorLevel="0" Project="" Source="JAMGameFinal.suo" Description="File successfully backed up as J:\JAMGame Final\Backup\JAMGameFinal.suo">
</Event><Event ErrorLevel="0" Project="JAMGameFinal" Source="JAMGameFinal\JAMGameFinal.csproj" Description="Upgraded XNA Game Studio project to XNA Framework 4.0.">
</Event><Event ErrorLevel="0" Project="JAMGameFinal" Source="JAMGameFinal\JAMGameFinal.csproj" Description="Project file successfully backed up as J:\JAMGame Final\Backup\JAMGameFinal\JAMGameFinal.csproj">
</Event><Event ErrorLevel="0" Project="JAMGameFinal" Source="JAMGameFinal\Objects\Bullets\G36CBullet.cs" Description="File successfully backed up as J:\JAMGame Final\Backup\JAMGameFinal\Objects\Bullets\G36CBullet.cs">
</Event><Event ErrorLevel="0" Project="JAMGameFinal" Source="JAMGameFinal\Objects\Players and Zombies\Hero.cs" Description="File successfully backed up as J:\JAMGame Final\Backup\JAMGameFinal\Objects\Players and Zombies\Hero.cs">
</Event><Event ErrorLevel="0" Project="JAMGameFinal" Source="JAMGameFinal\Objects\Bullets\M4Bullet.cs" Description="File successfully backed up as J:\JAMGame Final\Backup\JAMGameFinal\Objects\Bullets\M4Bullet.cs">
</Event><Event ErrorLevel="0" Project="JAMGameFinal" Source="JAMGameFinal\Objects\Bullets\MiniUziBullet.cs" Description="File successfully backed up as J:\JAMGame Final\Backup\JAMGameFinal\Objects\Bullets\MiniUziBullet.cs">
</Event><Event ErrorLevel="0" Project="JAMGameFinal" Source="JAMGameFinal\Objects\Misc\OtherObject.cs" Description="File successfully backed up as J:\JAMGame Final\Backup\JAMGameFinal\Objects\Misc\OtherObject.cs">
</Event><Event ErrorLevel="0" Project="JAMGameFinal" Source="JAMGameFinal\Objects\Bullets\ShotgunBullet.cs" Description="File successfully backed up as J:\JAMGame Final\Backup\JAMGameFinal\Objects\Bullets\ShotgunBullet.cs">
</Event><Event ErrorLevel="0" Project="JAMGameFinal" Source="JAMGameFinal\Objects\Players and Zombies\Zombie.cs" Description="File successfully backed up as J:\JAMGame Final\Backup\JAMGameFinal\Objects\Players and Zombies\Zombie.cs">
</Event><Event ErrorLevel="0" Project="JAMGameFinal" Source="JAMGameFinal\OtherManagers\Bullets\PlayerBulletManager\JuanBulletManager.cs" Description="File successfully backed up as J:\JAMGame Final\Backup\JAMGameFinal\OtherManagers\Bullets\PlayerBulletManager\JuanBulletManager.cs">
</Event><Event ErrorLevel="0" Project="JAMGameFinal" Source="JAMGameFinal\Objects\Manager\GameObject.cs" Description="File successfully backed up as J:\JAMGame Final\Backup\JAMGameFinal\Objects\Manager\GameObject.cs">
</Event><Event ErrorLevel="0" Project="JAMGameFinal" Source="JAMGameFinal\JAMZombieGame.cs" Description="File successfully backed up as J:\JAMGame Final\Backup\JAMGameFinal\JAMZombieGame.cs">
</Event><Event ErrorLevel="0" Project="JAMGameFinal" Source="JAMGameFinal\ScreenManager\PlayerIndexEventArgs.cs" Description="File successfully backed up as J:\JAMGame Final\Backup\JAMGameFinal\ScreenManager\PlayerIndexEventArgs.cs">
</Event><Event ErrorLevel="0" Project="JAMGameFinal" Source="JAMGameFinal\Properties\AssemblyInfo.cs" Description="File successfully backed up as J:\JAMGame Final\Backup\JAMGameFinal\Properties\AssemblyInfo.cs">
</Event><Event ErrorLevel="0" Project="JAMGameFinal" Source="JAMGameFinal\OtherManagers\Bullets\PlayerBulletManager\SayidBulletManager.cs" Description="File successfully backed up as J:\JAMGame Final\Backup\JAMGameFinal\OtherManagers\Bullets\PlayerBulletManager\SayidBulletManager.cs">
</Event><Event ErrorLevel="0" Project="JAMGameFinal" Source="JAMGameFinal\ScreenManager\MenuEntryManagers\ControlScreenMenuEntry.cs" Description="File successfully backed up as J:\JAMGame Final\Backup\JAMGameFinal\ScreenManager\MenuEntryManagers\ControlScreenMenuEntry.cs">
</Event><Event ErrorLevel="0" Project="JAMGameFinal" Source="JAMGameFinal\ScreenManager\GameScreen.cs" Description="File successfully backed up as J:\JAMGame Final\Backup\JAMGameFinal\ScreenManager\GameScreen.cs">
</Event><Event ErrorLevel="0" Project="JAMGameFinal" Source="JAMGameFinal\ScreenManager\InputState.cs" Description="File successfully backed up as J:\JAMGame Final\Backup\JAMGameFinal\ScreenManager\InputState.cs">
</Event><Event ErrorLevel="0" Project="JAMGameFinal" Source="JAMGameFinal\ScreenManager\MenuEntryManagers\MenuEntry.cs" Description="File successfully backed up as J:\JAMGame Final\Backup\JAMGameFinal\ScreenManager\MenuEntryManagers\MenuEntry.cs">
</Event><Event ErrorLevel="0" Project="JAMGameFinal" Source="JAMGameFinal\ScreenManager\MenuScreen.cs" Description="File successfully backed up as J:\JAMGame Final\Backup\JAMGameFinal\ScreenManager\MenuScreen.cs">
</Event><Event ErrorLevel="0" Project="JAMGameFinal" Source="JAMGameFinal\ScreenManager\ScreenManager.cs" Description="File successfully backed up as J:\JAMGame Final\Backup\JAMGameFinal\ScreenManager\ScreenManager.cs">
</Event><Event ErrorLevel="0" Project="JAMGameFinal" Source="JAMGameFinal\ScreenManager\MenuEntryManagers\StartUpScreenMenuEntry.cs" Description="File successfully backed up as J:\JAMGame Final\Backup\JAMGameFinal\ScreenManager\MenuEntryManagers\StartUpScreenMenuEntry.cs">
</Event><Event ErrorLevel="0" Project="JAMGameFinal" Source="JAMGameFinal\Screens\Levels\Level2.cs" Description="File successfully backed up as J:\JAMGame Final\Backup\JAMGameFinal\Screens\Levels\Level2.cs">
</Event><Event ErrorLevel="0" Project="JAMGameFinal" Source="JAMGameFinal\Screens\Levels\Level3.cs" Description="File successfully backed up as J:\JAMGame Final\Backup\JAMGameFinal\Screens\Levels\Level3.cs">
</Event><Event ErrorLevel="0" Project="JAMGameFinal" Source="JAMGameFinal\Screens\Menus\StartUpScreen.cs" Description="File successfully backed up as J:\JAMGame Final\Backup\JAMGameFinal\Screens\Menus\StartUpScreen.cs">
</Event><Event ErrorLevel="0" Project="JAMGameFinal" Source="JAMGameFinal\Screens\Misc\BackgroundScreen.cs" Description="File successfully backed up as J:\JAMGame Final\Backup\JAMGameFinal\Screens\Misc\BackgroundScreen.cs">
</Event><Event ErrorLevel="0" Project="JAMGameFinal" Source="JAMGameFinal\Screens\Info\CharacterInfoScreen.cs" Description="File successfully backed up as J:\JAMGame Final\Backup\JAMGameFinal\Screens\Info\CharacterInfoScreen.cs">
</Event><Event ErrorLevel="0" Project="JAMGameFinal" Source="JAMGameFinal\Screens\Info\ControlScreen.cs" Description="File successfully backed up as J:\JAMGame Final\Backup\JAMGameFinal\Screens\Info\ControlScreen.cs">
</Event><Event ErrorLevel="0" Project="JAMGameFinal" Source="JAMGameFinal\Screens\Info\GunInfoScreen.cs" Description="File successfully backed up as J:\JAMGame Final\Backup\JAMGameFinal\Screens\Info\GunInfoScreen.cs">
</Event><Event ErrorLevel="0" Project="JAMGameFinal" Source="JAMGameFinal\ScreenManager\JAMZombieGameEngine.cs" Description="File successfully backed up as J:\JAMGame Final\Backup\JAMGameFinal\ScreenManager\JAMZombieGameEngine.cs">
</Event><Event ErrorLevel="0" Project="JAMGameFinal" Source="JAMGameFinal\Screens\Levels\Level1.cs" Description="File successfully backed up as J:\JAMGame Final\Backup\JAMGameFinal\Screens\Levels\Level1.cs">
</Event><Event ErrorLevel="0" Project="JAMGameFinal" Source="JAMGameFinal\Screens\Loading\LoadingScreen.cs" Description="File successfully backed up as J:\JAMGame Final\Backup\JAMGameFinal\Screens\Loading\LoadingScreen.cs">
</Event><Event ErrorLevel="0" Project="JAMGameFinal" Source="JAMGameFinal\Screens\Loading\LoadingScreenLost.cs" Description="File successfully backed up as J:\JAMGame Final\Backup\JAMGameFinal\Screens\Loading\LoadingScreenLost.cs">
</Event><Event ErrorLevel="0" Project="JAMGameFinal" Source="JAMGameFinal\Screens\Menus\MainMenuScreen.cs" Description="File successfully backed up as J:\JAMGame Final\Backup\JAMGameFinal\Screens\Menus\MainMenuScreen.cs">
</Event><Event ErrorLevel="0" Project="JAMGameFinal" Source="JAMGameFinal\Screens\PopUps\MessageBoxScreen.cs" Description="File successfully backed up as J:\JAMGame Final\Backup\JAMGameFinal\Screens\PopUps\MessageBoxScreen.cs">
</Event><Event ErrorLevel="0" Project="JAMGameFinal" Source="JAMGameFinal\Screens\Menus\OptionsMenuScreen.cs" Description="File successfully backed up as J:\JAMGame Final\Backup\JAMGameFinal\Screens\Menus\OptionsMenuScreen.cs">
</Event><Event ErrorLevel="0" Project="JAMGameFinal" Source="JAMGameFinal\Screens\Menus\PauseMenuScreen.cs" Description="File successfully backed up as J:\JAMGame Final\Backup\JAMGameFinal\Screens\Menus\PauseMenuScreen.cs">
</Event><Event ErrorLevel="0" Project="JAMGameFinal" Source="JAMGameFinal\OtherManagers\Bullets\PlayerBulletManager\SirEdwardBulletManager.cs" Description="File successfully backed up as J:\JAMGame Final\Backup\JAMGameFinal\OtherManagers\Bullets\PlayerBulletManager\SirEdwardBulletManager.cs">
</Event><Event ErrorLevel="0" Project="JAMGameFinal" Source="JAMGameFinal\OtherManagers\Bullets\PlayerBulletManager\WilhelmBulletManager.cs" Description="File successfully backed up as J:\JAMGame Final\Backup\JAMGameFinal\OtherManagers\Bullets\PlayerBulletManager\WilhelmBulletManager.cs">
</Event><Event ErrorLevel="0" Project="JAMGameFinal" Source="JAMGameFinal\Screens\PopUps\WarningBoxScreen.cs" Description="File successfully backed up as J:\JAMGame Final\Backup\JAMGameFinal\Screens\PopUps\WarningBoxScreen.cs">
</Event><Event ErrorLevel="0" Project="JAMGameFinal" Source="JAMGameFinal\JAMGameFinal.csproj" Description="Project converted successfully">
</Event><Event ErrorLevel="3" Project="JAMGameFinal" Source="JAMGameFinal\JAMGameFinal.csproj" Description="Converted">
</Event><Event ErrorLevel="0" Project="" Source="JAMGameFinal.sln" Description="Solution converted successfully">
</Event><Event ErrorLevel="3" Project="" Source="JAMGameFinal.sln" Description="Converted">
</Event><Event ErrorLevel="0" Project="JAMGameFinal" Source="JAMGameFinal\JAMGameFinal.csproj" Description="Scan complete: Upgrade not required for project files.">
</Event><Event ErrorLevel="0" Project="JAMGameFinal" Source="JAMGameFinal\JAMGameFinal.csproj" Description="Upgraded XNA Framework references to XNA Framework 4.0.">
</Event><Event ErrorLevel="0" Project="Content.contentproj" Source="bassline.wav" Description="Copied XNA Game Studio Content Project content to backup location.">
</Event><Event ErrorLevel="0" Project="Content.contentproj" Source="bassline1.wav" Description="Copied XNA Game Studio Content Project content to backup location.">
</Event><Event ErrorLevel="0" Project="Content.contentproj" Source="bassline2.wav" Description="Copied XNA Game Studio Content Project content to backup location.">
</Event><Event ErrorLevel="0" Project="Content.contentproj" Source="cakle.wav" Description="Copied XNA Game Studio Content Project content to backup location.">
</Event><Event ErrorLevel="0" Project="Content.contentproj" Source="explosion.wav" Description="Copied XNA Game Studio Content Project content to backup location.">
</Event><Event ErrorLevel="0" Project="Content.contentproj" Source="fail-narrate.wav" Description="Copied XNA Game Studio Content Project content to backup location.">
</Event><Event ErrorLevel="0" Project="Content.contentproj" Source="keep.wav" Description="Copied XNA Game Studio Content Project content to backup location.">
</Event><Event ErrorLevel="0" Project="Content.contentproj" Source="loadreload.wav" Description="Copied XNA Game Studio Content Project content to backup location.">
</Event><Event ErrorLevel="0" Project="Content.contentproj" Source="loadreload2.wav" Description="Copied XNA Game Studio Content Project content to backup location.">
</Event><Event ErrorLevel="0" Project="Content.contentproj" Source="m249-1bullet.wav" Description="Copied XNA Game Studio Content Project content to backup location.">
</Event><Event ErrorLevel="0" Project="Content.contentproj" Source="m249-1bullet2.wav" Description="Copied XNA Game Studio Content Project content to backup location.">
</Event><Event ErrorLevel="0" Project="Content.contentproj" Source="m4-1bullet.wav" Description="Copied XNA Game Studio Content Project content to backup location.">
</Event><Event ErrorLevel="0" Project="Content.contentproj" Source="m4-reload.wav" Description="Copied XNA Game Studio Content Project content to backup location.">
</Event><Event ErrorLevel="0" Project="Content.contentproj" Source="meet my miinons(robot).wav" Description="Copied XNA Game Studio Content Project content to backup location.">
</Event><Event ErrorLevel="0" Project="Content.contentproj" Source="meet my minnons.wav" Description="Copied XNA Game Studio Content Project content to backup location.">
</Event><Event ErrorLevel="0" Project="Content.contentproj" Source="p90-1bullet.wav" Description="Copied XNA Game Studio Content Project content to backup location.">
</Event><Event ErrorLevel="0" Project="Content.contentproj" Source="Untitled Narration.wav" Description="Copied XNA Game Studio Content Project content to backup location.">
</Event><Event ErrorLevel="0" Project="Content.contentproj" Source="zombie killed.wav" Description="Copied XNA Game Studio Content Project content to backup location.">
</Event><Event ErrorLevel="0" Project="Content.contentproj" Source="ZOMBIEDIE.wav" Description="Copied XNA Game Studio Content Project content to backup location.">
</Event><Event ErrorLevel="0" Project="Content.contentproj" Source="JAMAudio.xap" Description="Copied XNA Game Studio Content Project content to backup location.">
</Event><Event ErrorLevel="0" Project="Content.contentproj" Source="background.png" Description="Copied XNA Game Studio Content Project content to backup location.">
</Event><Event ErrorLevel="0" Project="Content.contentproj" Source="backgroundlost.png" Description="Copied XNA Game Studio Content Project content to backup location.">
</Event><Event ErrorLevel="0" Project="Content.contentproj" Source="backgroundwin.png" Description="Copied XNA Game Studio Content Project content to backup location.">
</Event><Event ErrorLevel="0" Project="Content.contentproj" Source="GrassBackground.tga" Description="Copied XNA Game Studio Content Project content to backup location.">
</Event><Event ErrorLevel="0" Project="Content.contentproj" Source="menu screen background.png" Description="Copied XNA Game Studio Content Project content to backup location.">
</Event><Event ErrorLevel="0" Project="Content.contentproj" Source="StartupScreen.png" Description="Copied XNA Game Studio Content Project content to backup location.">
</Event><Event ErrorLevel="0" Project="Content.contentproj" Source="backgroundWithTopOrtho.png" Description="Copied XNA Game Studio Content Project content to backup location.">
</Event><Event ErrorLevel="0" Project="Content.contentproj" Source="backgroundWithFrontOrtho.png" Description="Copied XNA Game Studio Content Project content to backup location.">
</Event><Event ErrorLevel="0" Project="Content.contentproj" Source="con_front_ortho.png" Description="Copied XNA Game Studio Content Project content to backup location.">
</Event><Event ErrorLevel="0" Project="Content.contentproj" Source="con_top_ortho.png" Description="Copied XNA Game Studio Content Project content to backup location.">
</Event><Event ErrorLevel="0" Project="Content.contentproj" Source="blank.png" Description="Copied XNA Game Studio Content Project content to backup location.">
</Event><Event ErrorLevel="0" Project="Content.contentproj" Source="Courier.spritefont" Description="Copied XNA Game Studio Content Project content to backup location.">
</Event><Event ErrorLevel="0" Project="Content.contentproj" Source="gamefont.spritefont" Description="Copied XNA Game Studio Content Project content to backup location.">
</Event><Event ErrorLevel="0" Project="Content.contentproj" Source="gradient.png" Description="Copied XNA Game Studio Content Project content to backup location.">
</Event><Event ErrorLevel="0" Project="Content.contentproj" Source="InfoString.png" Description="Copied XNA Game Studio Content Project content to backup location.">
</Event><Event ErrorLevel="0" Project="Content.contentproj" Source="menufont.spritefont" Description="Copied XNA Game Studio Content Project content to backup location.">
</Event><Event ErrorLevel="0" Project="Content.contentproj" Source="SegoeKeycaps.ttf" Description="Copied XNA Game Studio Content Project content to backup location.">
</Event><Event ErrorLevel="0" Project="Content.contentproj" Source="segoepr.ttf" Description="Copied XNA Game Studio Content Project content to backup location.">
</Event><Event ErrorLevel="0" Project="Content.contentproj" Source="segoeprb.ttf" Description="Copied XNA Game Studio Content Project content to backup location.">
</Event><Event ErrorLevel="0" Project="Content.contentproj" Source="SegoeUIMono-Bold.ttf" Description="Copied XNA Game Studio Content Project content to backup location.">
</Event><Event ErrorLevel="0" Project="Content.contentproj" Source="SegoeUIMono-Regular.ttf" Description="Copied XNA Game Studio Content Project content to backup location.">
</Event><Event ErrorLevel="0" Project="Content.contentproj" Source="wscsnbd.ttf" Description="Copied XNA Game Studio Content Project content to backup location.">
</Event><Event ErrorLevel="0" Project="Content.contentproj" Source="wscsnbdit.ttf" Description="Copied XNA Game Studio Content Project content to backup location.">
</Event><Event ErrorLevel="0" Project="Content.contentproj" Source="wscsnit.ttf" Description="Copied XNA Game Studio Content Project content to backup location.">
</Event><Event ErrorLevel="0" Project="Content.contentproj" Source="wscsnrg.ttf" Description="Copied XNA Game Studio Content Project content to backup location.">
</Event><Event ErrorLevel="0" Project="Content.contentproj" Source="andyb.ttf" Description="Copied XNA Game Studio Content Project content to backup location.">
</Event><Event ErrorLevel="0" Project="Content.contentproj" Source="JingJing.ttf" Description="Copied XNA Game Studio Content Project content to backup location.">
</Event><Event ErrorLevel="0" Project="Content.contentproj" Source="kooten.ttf" Description="Copied XNA Game Studio Content Project content to backup location.">
</Event><Event ErrorLevel="0" Project="Content.contentproj" Source="Linds.ttf" Description="Copied XNA Game Studio Content Project content to backup location.">
</Event><Event ErrorLevel="0" Project="Content.contentproj" Source="Miramo.ttf" Description="Copied XNA Game Studio Content Project content to backup location.">
</Event><Event ErrorLevel="0" Project="Content.contentproj" Source="Miramob.ttf" Description="Copied XNA Game Studio Content Project content to backup location.">
</Event><Event ErrorLevel="0" Project="Content.contentproj" Source="Moire-Bold.ttf" Description="Copied XNA Game Studio Content Project content to backup location.">
</Event><Event ErrorLevel="0" Project="Content.contentproj" Source="Moire-ExtraBold.ttf" Description="Copied XNA Game Studio Content Project content to backup location.">
</Event><Event ErrorLevel="0" Project="Content.contentproj" Source="Moire-Light.ttf" Description="Copied XNA Game Studio Content Project content to backup location.">
</Event><Event ErrorLevel="0" Project="Content.contentproj" Source="Moire-Regular.ttf" Description="Copied XNA Game Studio Content Project content to backup location.">
</Event><Event ErrorLevel="0" Project="Content.contentproj" Source="MotorwerkOblique.ttf" Description="Copied XNA Game Studio Content Project content to backup location.">
</Event><Event ErrorLevel="0" Project="Content.contentproj" Source="NGO_____.TTF" Description="Copied XNA Game Studio Content Project content to backup location.">
</Event><Event ErrorLevel="0" Project="Content.contentproj" Source="NGOB____.TTF" Description="Copied XNA Game Studio Content Project content to backup location.">
</Event><Event ErrorLevel="0" Project="Content.contentproj" Source="OCRAExt.TTF" Description="Copied XNA Game Studio Content Project content to backup location.">
</Event><Event ErrorLevel="0" Project="Content.contentproj" Source="Peric.ttf" Description="Copied XNA Game Studio Content Project content to backup location.">
</Event><Event ErrorLevel="0" Project="Content.contentproj" Source="Pericl.ttf" Description="Copied XNA Game Studio Content Project content to backup location.">
</Event><Event ErrorLevel="0" Project="Content.contentproj" Source="Pesca.ttf" Description="Copied XNA Game Studio Content Project content to backup location.">
</Event><Event ErrorLevel="0" Project="Content.contentproj" Source="Pescab.ttf" Description="Copied XNA Game Studio Content Project content to backup location.">
</Event><Event ErrorLevel="0" Project="Content.contentproj" Source="image1.png" Description="Copied XNA Game Studio Content Project content to backup location.">
</Event><Event ErrorLevel="0" Project="Content.contentproj" Source="image2.png" Description="Copied XNA Game Studio Content Project content to backup location.">
</Event><Event ErrorLevel="0" Project="Content.contentproj" Source="image1.png" Description="Copied XNA Game Studio Content Project content to backup location.">
</Event><Event ErrorLevel="0" Project="Content.contentproj" Source="image2.png" Description="Copied XNA Game Studio Content Project content to backup location.">
</Event><Event ErrorLevel="0" Project="Content.contentproj" Source="ButtonTexture.png" Description="Copied XNA Game Studio Content Project content to backup location.">
</Event><Event ErrorLevel="0" Project="Content.contentproj" Source="HealthBar.png" Description="Copied XNA Game Studio Content Project content to backup location.">
</Event><Event ErrorLevel="0" Project="Content.contentproj" Source="Sensitivity_Sprite_Sheet.png" Description="Copied XNA Game Studio Content Project content to backup location.">
</Event><Event ErrorLevel="0" Project="Content.contentproj" Source="xboxControllerSpriteSheet.tga" Description="Copied XNA Game Studio Content Project content to backup location.">
</Event><Event ErrorLevel="0" Project="Content.contentproj" Source="arrow.png" Description="Copied XNA Game Studio Content Project content to backup location.">
</Event><Event ErrorLevel="0" Project="Content.contentproj" Source="redRectangle.png" Description="Copied XNA Game Studio Content Project content to backup location.">
</Event><Event ErrorLevel="0" Project="Content.contentproj" Source="zombieRedRectangle.png" Description="Copied XNA Game Studio Content Project content to backup location.">
</Event><Event ErrorLevel="0" Project="Content.contentproj" Source="shotgunEffectBullet.png" Description="Copied XNA Game Studio Content Project content to backup location.">
</Event><Event ErrorLevel="0" Project="Content.contentproj" Source="Zombie-Halo.png" Description="Copied XNA Game Studio Content Project content to backup location.">
</Event><Event ErrorLevel="0" Project="Content.contentproj" Source="zombie1.png" Description="Copied XNA Game Studio Content Project content to backup location.">
</Event><Event ErrorLevel="0" Project="Content.contentproj" Source="zombie2.png" Description="Copied XNA Game Studio Content Project content to backup location.">
</Event><Event ErrorLevel="0" Project="Content.contentproj" Source="zombie3.png" Description="Copied XNA Game Studio Content Project content to backup location.">
</Event><Event ErrorLevel="0" Project="Content.contentproj" Source="zombie4.png" Description="Copied XNA Game Studio Content Project content to backup location.">
</Event><Event ErrorLevel="0" Project="Content.contentproj" Source="zombie1(1).png" Description="Copied XNA Game Studio Content Project content to backup location.">
</Event><Event ErrorLevel="0" Project="Content.contentproj" Source="Juan-Halo.png" Description="Copied XNA Game Studio Content Project content to backup location.">
</Event><Event ErrorLevel="0" Project="Content.contentproj" Source="Juan.png" Description="Copied XNA Game Studio Content Project content to backup location.">
</Event><Event ErrorLevel="0" Project="Content.contentproj" Source="JuanIntersectionSheet.png" Description="Copied XNA Game Studio Content Project content to backup location.">
</Event><Event ErrorLevel="0" Project="Content.contentproj" Source="shotgunBullet.png" Description="Copied XNA Game Studio Content Project content to backup location.">
</Event><Event ErrorLevel="0" Project="Content.contentproj" Source="Sir_Edward-Halo.png" Description="Copied XNA Game Studio Content Project content to backup location.">
</Event><Event ErrorLevel="0" Project="Content.contentproj" Source="Sir_Edward.png" Description="Copied XNA Game Studio Content Project content to backup location.">
</Event><Event ErrorLevel="0" Project="Content.contentproj" Source="Cat.tga" Description="Copied XNA Game Studio Content Project content to backup location.">
</Event><Event ErrorLevel="0" Project="Content.contentproj" Source="m4Bullet.png" Description="Copied XNA Game Studio Content Project content to backup location.">
</Event><Event ErrorLevel="0" Project="Content.contentproj" Source="PlayerBullet.xcf" Description="Copied XNA Game Studio Content Project content to backup location.">
</Event><Event ErrorLevel="0" Project="Content.contentproj" Source="miniUziBullet.png" Description="Copied XNA Game Studio Content Project content to backup location.">
</Event><Event ErrorLevel="0" Project="Content.contentproj" Source="Sayid-Halo.png" Description="Copied XNA Game Studio Content Project content to backup location.">
</Event><Event ErrorLevel="0" Project="Content.contentproj" Source="Sayid.png" Description="Copied XNA Game Studio Content Project content to backup location.">
</Event><Event ErrorLevel="0" Project="Content.contentproj" Source="Wilhelm-Halo.png" Description="Copied XNA Game Studio Content Project content to backup location.">
</Event><Event ErrorLevel="0" Project="Content.contentproj" Source="Wilhelm.png" Description="Copied XNA Game Studio Content Project content to backup location.">
</Event><Event ErrorLevel="0" Project="Content.contentproj" Source="g36cBullet.png" Description="Copied XNA Game Studio Content Project content to backup location.">
</Event><Event ErrorLevel="0" Project="Content.contentproj" Source="54321.wmv" Description="Copied XNA Game Studio Content Project content to backup location.">
</Event><Event ErrorLevel="0" Project="Content.contentproj" Source="complete part 1_0001.wmv" Description="Copied XNA Game Studio Content Project content to backup location.">
</Event><Event ErrorLevel="0" Project="Content.contentproj" Source="xbox controller-center.png" Description="Copied XNA Game Studio Content Project content to backup location.">
</Event><Event ErrorLevel="0" Project="Content.contentproj" Source="xboxControllerButtonGuide-basic.png" Description="Copied XNA Game Studio Content Project content to backup location.">
</Event><Event ErrorLevel="0" Project="Content.contentproj" Source="xboxcontrollerP1-joinedbutnotready.png" Description="Copied XNA Game Studio Content Project content to backup location.">
</Event><Event ErrorLevel="0" Project="Content.contentproj" Source="xboxcontrollerP1-notjoined.png" Description="Copied XNA Game Studio Content Project content to backup location.">
</Event><Event ErrorLevel="0" Project="Content.contentproj" Source="xboxcontrollerP1-ready to play.png" Description="Copied XNA Game Studio Content Project content to backup location.">
</Event><Event ErrorLevel="0" Project="Content.contentproj" Source="xboxcontrollerP2-joinedbutnotready.png" Description="Copied XNA Game Studio Content Project content to backup location.">
</Event><Event ErrorLevel="0" Project="Content.contentproj" Source="xboxcontrollerP2-notjoined.png" Description="Copied XNA Game Studio Content Project content to backup location.">
</Event><Event ErrorLevel="0" Project="Content.contentproj" Source="xboxcontrollerP2-ready to play.png" Description="Copied XNA Game Studio Content Project content to backup location.">
</Event><Event ErrorLevel="0" Project="Content.contentproj" Source="xboxcontrollerP3-joinedbutnotready.png" Description="Copied XNA Game Studio Content Project content to backup location.">
</Event><Event ErrorLevel="0" Project="Content.contentproj" Source="xboxcontrollerP3-notjoined.png" Description="Copied XNA Game Studio Content Project content to backup location.">
</Event><Event ErrorLevel="0" Project="Content.contentproj" Source="xboxcontrollerP3-ready to play.png" Description="Copied XNA Game Studio Content Project content to backup location.">
</Event><Event ErrorLevel="0" Project="Content.contentproj" Source="xboxcontrollerP4-joinedbutnotready.png" Description="Copied XNA Game Studio Content Project content to backup location.">
</Event><Event ErrorLevel="0" Project="Content.contentproj" Source="xboxcontrollerP4-notjoined.png" Description="Copied XNA Game Studio Content Project content to backup location.">
</Event><Event ErrorLevel="0" Project="Content.contentproj" Source="xboxcontrollerP4-ready to play.png" Description="Copied XNA Game Studio Content Project content to backup location.">
</Event><Event ErrorLevel="0" Project="Content.contentproj" Source="Content.contentproj" Description="Copied XNA Game Studio Content Project content to backup location.">
</Event><Event ErrorLevel="0" Project="Content.contentproj" Source="xboxControllerSpriteSheet.png" Description="Copied XNA Game Studio Content Project content to backup location.">
</Event><Event ErrorLevel="0" Project="JAMGameFinalContent" Source="JAMGameFinal\Content\JAMGameFinalContent.contentproj" Description="Upgraded XNA Game Studio nested content projects to XNA Framework 4.0 and promoted to sibling project.">
</Event></UpgradeLog>